INSERT INTO BOOK (id, publication_date, title, sub_title, price) VALUES (72, '2007-06-26', '(Theory in Practice (O''Reilly))', 'Beautiful Code: Leading Programmers Explain How They Think', 500);
INSERT INTO AUTHOR (id, name) VALUES (0, 'Greg Wilson');
INSERT INTO AUTHOR (id, name) VALUES (1, 'Andy Oram');
INSERT INTO BOOK_AUTHOR (book_id, author_id) VALUES (72, 0);
INSERT INTO BOOK_AUTHOR (book_id, author_id) VALUES (72, 1);
INSERT INTO BOOK_REVIEW (book_id, username, stars, comments) VALUES (72, 'Edward', 5, 'Theory is boring at first 5.');
INSERT INTO BOOK_REVIEW (book_id, username, stars, comments) VALUES (72, 'Edward', 4, 'Theory is boring at first 4.');
INSERT INTO BOOK_REVIEW (book_id, username, stars, comments) VALUES (72, 'Edward', 3, 'Theory is boring at first 3.');
INSERT INTO BOOK_REVIEW (book_id, username, stars, comments) VALUES (72, 'Edward', 2, 'Theory is boring at first 2.');
INSERT INTO BOOK_REVIEW (book_id, username, stars, comments) VALUES (72, 'Edward', 1, 'Theory is boring at first 1.');

INSERT INTO BOOK (id, publication_date, title, sub_title, price) VALUES (1, '2007-06-01', '', 'Smart and Gets Things Done: Joel Spolsky''s Concise Guide to Finding the Best Technical Talent, Hardback: Joel Spolsky''s Concise Guide to Finding the Best Technical Talent', 599);
INSERT INTO AUTHOR (id, name) VALUES (2, 'Joel Spolsky');
INSERT INTO BOOK_AUTHOR (book_id, author_id) VALUES (1, 2);

INSERT INTO BOOK (id, publication_date, title, sub_title, price) VALUES (2, '1998-11-30', '', 'R\344tsel der Kochkunst.', 200);
INSERT INTO AUTHOR (id, name) VALUES (3, 'Herve This-Benckhard');
INSERT INTO BOOK_AUTHOR (book_id, author_id) VALUES (2, 3);

INSERT INTO BOOK (id, publication_date, title, sub_title, price) VALUES (3, '1995-03-14', '', 'Design patterns : elements of reusable object-oriented software', 1000);
INSERT INTO AUTHOR (id, name) VALUES (4, 'Richard Helm');
INSERT INTO BOOK_AUTHOR (book_id, author_id) VALUES (3, 4);
INSERT INTO AUTHOR (id, name) VALUES (5, 'Ralph Johnson');
INSERT INTO BOOK_AUTHOR (book_id, author_id) VALUES (3, 5);
INSERT INTO AUTHOR (id, name) VALUES (6, 'John Vlissides');
INSERT INTO BOOK_AUTHOR (book_id, author_id) VALUES (3, 6);
INSERT INTO AUTHOR (id, name) VALUES (7, 'Erich Gamma');
INSERT INTO BOOK_AUTHOR (book_id, author_id) VALUES (3, 7);
INSERT INTO BOOK_REVIEW (book_id, username, stars, comments) VALUES (3, 'Kerri', 5, 'Good for beginners.');

INSERT INTO BOOK (id, publication_date, title, sub_title, price) VALUES (4, '2001-04-01', '', 'Otherland IV: Sea of Silver Light', 500);
INSERT INTO AUTHOR (id, name) VALUES (8, 'Tad Williams');
INSERT INTO BOOK_AUTHOR (book_id, author_id) VALUES (4, 8);
INSERT INTO BOOK (id, publication_date, title, sub_title) VALUES (5, '2008-01-01', '', 'Feuchtgebiete');
INSERT INTO AUTHOR (id, name) VALUES (9, 'Charlotte Roche');
INSERT INTO BOOK_AUTHOR (book_id, author_id) VALUES (5, 9);
INSERT INTO BOOK (id, publication_date, title, sub_title) VALUES (6, '2001-06-04', '', 'Kitchen Confidential');
INSERT INTO AUTHOR (id, name) VALUES (10, 'Anthony Bourdain');
INSERT INTO BOOK_AUTHOR (book_id, author_id) VALUES (6, 10);
INSERT INTO BOOK (id, publication_date, title, sub_title) VALUES (7, '1997-04-01', '', 'Langenscheidts Sprachf\374hrer, Schwedisch');
INSERT INTO AUTHOR (id, name) VALUES (11, 'Kerstin Jakten');
INSERT INTO BOOK_AUTHOR (book_id, author_id) VALUES (7, 11);
INSERT INTO AUTHOR (id, name) VALUES (12, 'Dirk Huth');
INSERT INTO BOOK_AUTHOR (book_id, author_id) VALUES (7, 12);
INSERT INTO BOOK (id, publication_date, title, sub_title) VALUES (8, '2000-03-30', '20th anniversary edition with a new preface by the author', 'Godel, Escher, Bach: An Eternal Golden Braid');
INSERT INTO AUTHOR (id, name) VALUES (13, 'Douglas R. Hofstadter');
INSERT INTO BOOK_AUTHOR (book_id, author_id) VALUES (8, 13);
INSERT INTO BOOK (id, publication_date, title, sub_title) VALUES (9, '1998-09-01', '', 'Konkrete Humanit\344t. Vorlesungen \374ber Verantwortung und Menschlichkeit.');
INSERT INTO AUTHOR (id, name) VALUES (14, 'Hans Lenk');
INSERT INTO BOOK_AUTHOR (book_id, author_id) VALUES (9, 14);
INSERT INTO BOOK (id, publication_date, title, sub_title) VALUES (10, '2005-03-01', '', 'From Naked Ape to Superspecies: Humanity and the Global Eco-crisis');
INSERT INTO AUTHOR (id, name) VALUES (15, 'Holly Dressel');
INSERT INTO BOOK_AUTHOR (book_id, author_id) VALUES (10, 15);
INSERT INTO AUTHOR (id, name) VALUES (16, 'David T. Suzuki');
INSERT INTO BOOK_AUTHOR (book_id, author_id) VALUES (10, 16);
INSERT INTO BOOK (id, publication_date, title, sub_title) VALUES (11, '2001-10-17', '', 'The Eureka Effect: The Art and Logic of Breakthrough Thinking');
INSERT INTO AUTHOR (id, name) VALUES (17, 'D Perkins');
INSERT INTO BOOK_AUTHOR (book_id, author_id) VALUES (11, 17);

INSERT INTO BOOK (id, publication_date, title, sub_title, price) VALUES (12, '2005-01-12', '', 'Lucene In Action', 1000);
INSERT INTO AUTHOR (id, name) VALUES (18, 'Otis Gospodnetic');
INSERT INTO BOOK_AUTHOR (book_id, author_id) VALUES (12, 18);
INSERT INTO AUTHOR (id, name) VALUES (19, 'Erik Hatcher');
INSERT INTO BOOK_AUTHOR (book_id, author_id) VALUES (12, 19);
INSERT INTO BOOK_REVIEW (book_id, username, stars, comments) VALUES (12, 'Kerri', 5, 'Interesting book.');

INSERT INTO BOOK (id, publication_date, title, sub_title, price) VALUES (13, '1999-09-14', 'Yourdon Press computing series', 'Death March', 200);
INSERT INTO AUTHOR (id, name) VALUES (20, 'Edward Yourdon');
INSERT INTO BOOK_AUTHOR (book_id, author_id) VALUES (13, 20);
INSERT INTO BOOK (id, publication_date, title, sub_title) VALUES (14, '2006-04-04', 'Pragmatic Programmers', 'Practices of an Agile Developer: Working in the Real World');
INSERT INTO AUTHOR (id, name) VALUES (21, 'Andy Hunt');
INSERT INTO BOOK_AUTHOR (book_id, author_id) VALUES (14, 21);
INSERT INTO AUTHOR (id, name) VALUES (22, 'Venkat Subramaniam');
INSERT INTO BOOK_AUTHOR (book_id, author_id) VALUES (14, 22);

INSERT INTO BOOK (id, publication_date, title, sub_title, price) VALUES (15, '2005-05-01', 'Barron''s Educational Series', '1001 Natural Wonders: You Must See Before You Die', 200);
INSERT INTO AUTHOR (id, name) VALUES (23, 'Michael Bright');
INSERT INTO BOOK_AUTHOR (book_id, author_id) VALUES (15, 23);
INSERT INTO BOOK_REVIEW (book_id, username, stars, comments) VALUES (15, 'Carbuncle', 2, 'Not interesting.');

INSERT INTO BOOK (id, publication_date, title, sub_title, price) VALUES (16, '1998-04-25', '', 'Guns, Germs and Steel: A short history of everybody for the last 13,000 years', 500);
INSERT INTO AUTHOR (id, name) VALUES (24, 'Jared M. Diamond');
INSERT INTO BOOK_AUTHOR (book_id, author_id) VALUES (16, 24);
INSERT INTO BOOK (id, publication_date, title, sub_title) VALUES (17, '1986-04-01', '1st Series', 'Programmers at Work: Interviews');
INSERT INTO AUTHOR (id, name) VALUES (25, 'Susan Lammers');
INSERT INTO BOOK_AUTHOR (book_id, author_id) VALUES (17, 25);
INSERT INTO BOOK (id, publication_date, title, sub_title) VALUES (18, '1989-08-01', '', 'The Total Devotion Machine and Other Stories');
INSERT INTO AUTHOR (id, name) VALUES (26, 'Rosaleen Love');
INSERT INTO BOOK_AUTHOR (book_id, author_id) VALUES (18, 26);
INSERT INTO BOOK (id, publication_date, title, sub_title) VALUES (19, '2003-10-01', 'Lonely Planet Travel Guides', 'Catalunya and the Costa Brava');
INSERT INTO AUTHOR (id, name) VALUES (27, 'Damien Simonis');
INSERT INTO BOOK_AUTHOR (book_id, author_id) VALUES (19, 27);

INSERT INTO BOOK (id, publication_date, title, sub_title, price) VALUES (20, '2005-07-21', '', 'Java Puzzlers: Traps, Pitfalls, and Corner Cases', 500);
INSERT INTO AUTHOR (id, name) VALUES (28, 'Neal Gafter');
INSERT INTO BOOK_AUTHOR (book_id, author_id) VALUES (20, 28);
INSERT INTO AUTHOR (id, name) VALUES (29, 'Joshua Bloch');
INSERT INTO BOOK_AUTHOR (book_id, author_id) VALUES (20, 29);
INSERT INTO BOOK_REVIEW (book_id, username, stars, comments) VALUES (20, 'Shiva', 5, 'Why puzzle?');

INSERT INTO BOOK (id, publication_date, title, sub_title, price) VALUES (21, '2008-01-01', '', 'Die Vermessung der Welt', 200);
INSERT INTO AUTHOR (id, name) VALUES (30, 'Daniel Kehlmann');
INSERT INTO BOOK_AUTHOR (book_id, author_id) VALUES (21, 30);
INSERT INTO BOOK_REVIEW (book_id, username, stars, comments) VALUES (21, 'Tonberry', 3, 'Need an English version.');

INSERT INTO BOOK (id, publication_date, title, sub_title, price) VALUES (22, '1995-01-01', '', 'Logik f\374r Informatiker', 100);
INSERT INTO AUTHOR (id, name) VALUES (31, 'Uwe Sch\366ning');
INSERT INTO BOOK_AUTHOR (book_id, author_id) VALUES (22, 31);

INSERT INTO BOOK (id, publication_date, title, sub_title, price) VALUES (23, '2007-04-17', '', 'The Children of Hurin', 1000);
INSERT INTO AUTHOR (id, name) VALUES (32, 'J.R.R. Tolkien');
INSERT INTO BOOK_AUTHOR (book_id, author_id) VALUES (23, 32);
INSERT INTO BOOK_REVIEW (book_id, username, stars, comments) VALUES (23, 'Ifrit', 4, 'Amazing book..');

INSERT INTO BOOK (id, publication_date, title, sub_title) VALUES (24, '1999-11-24', '', 'The Pragmatic Programmer');
INSERT INTO AUTHOR (id, name) VALUES (33, 'David Thomas');
INSERT INTO BOOK_AUTHOR (book_id, author_id) VALUES (24, 33);
INSERT INTO AUTHOR (id, name) VALUES (34, 'Andrew Hunt');
INSERT INTO BOOK_AUTHOR (book_id, author_id) VALUES (24, 34);
INSERT INTO BOOK (id, publication_date, title, sub_title) VALUES (25, '2003-06-19', 'Core', 'Core J2EE Patterns: Best Practices and Design Strategies');
INSERT INTO AUTHOR (id, name) VALUES (35, 'Dan Malks');
INSERT INTO BOOK_AUTHOR (book_id, author_id) VALUES (25, 35);
INSERT INTO AUTHOR (id, name) VALUES (36, 'John Crupi');
INSERT INTO BOOK_AUTHOR (book_id, author_id) VALUES (25, 36);
INSERT INTO AUTHOR (id, name) VALUES (37, 'Deepak Alur');
INSERT INTO BOOK_AUTHOR (book_id, author_id) VALUES (25, 37);
INSERT INTO BOOK (id, publication_date, title, sub_title) VALUES (26, '2004-01-01', '', 'Tala Svenska');
INSERT INTO AUTHOR (id, name) VALUES (38, 'Erbrou Olga Guttke');
INSERT INTO BOOK_AUTHOR (book_id, author_id) VALUES (26, 38);
INSERT INTO BOOK (id, publication_date, title, sub_title) VALUES (27, '2003-07-24', '', 'Extreme Programming Pocket Guide');
INSERT INTO AUTHOR (id, name) VALUES (39, 'Shane Warden');
INSERT INTO BOOK_AUTHOR (book_id, author_id) VALUES (27, 39);
INSERT INTO BOOK (id, publication_date, title, sub_title) VALUES (28, '2003-12-31', '', 'Schweden: Dem Kommissar auf der Spur.');
INSERT INTO AUTHOR (id, name) VALUES (40, 'Rainer Sens');
INSERT INTO BOOK_AUTHOR (book_id, author_id) VALUES (28, 40);
INSERT INTO BOOK (id, publication_date, title, sub_title) VALUES (29, '2002-01-01', '', 'Reader''s Digest 4 in 1 Condensed Books The Da Vinci Code, Up And Down In The Dales, The Return Of The Dancing Master, A Gathering Light');
INSERT INTO AUTHOR (id, name) VALUES (41, 'Henning Mankell');
INSERT INTO BOOK_AUTHOR (book_id, author_id) VALUES (29, 41);
INSERT INTO AUTHOR (id, name) VALUES (42, 'Jennifer Donnelly Dan Brown');
INSERT INTO BOOK_AUTHOR (book_id, author_id) VALUES (29, 42);
INSERT INTO AUTHOR (id, name) VALUES (43, 'Gervase Phinn');
INSERT INTO BOOK_AUTHOR (book_id, author_id) VALUES (29, 43);
INSERT INTO BOOK (id, publication_date, title, sub_title) VALUES (30, '2006-11-01', '', 'Cell.');
INSERT INTO AUTHOR (id, name) VALUES (44, 'Stephen King');
INSERT INTO BOOK_AUTHOR (book_id, author_id) VALUES (30, 44);
INSERT INTO BOOK (id, publication_date, title, sub_title) VALUES (31, '1999-01-01', '', 'Ratgeber nat\374rliche Gesundheit -Massage. Die heilende Kraft der Ber\374hrung. o.A.');
INSERT INTO AUTHOR (id, name) VALUES (45, 'Stewart Mitchell');
INSERT INTO BOOK_AUTHOR (book_id, author_id) VALUES (31, 45);
INSERT INTO BOOK (id, publication_date, title, sub_title) VALUES (32, '2006-01-01', '', 'Ich bin dann mal weg');
INSERT INTO AUTHOR (id, name) VALUES (46, 'Hape Kerkeling');
INSERT INTO BOOK_AUTHOR (book_id, author_id) VALUES (32, 46);
INSERT INTO BOOK (id, publication_date, title, sub_title) VALUES (33, '1990-01-01', '', 'Witzig, sehr witzig - Herr Pfarrer');
INSERT INTO AUTHOR (id, name) VALUES (47, 'Georg Gessner');
INSERT INTO BOOK_AUTHOR (book_id, author_id) VALUES (33, 47);
INSERT INTO BOOK (id, publication_date, title, sub_title) VALUES (34, '2007-07-12', '', 'Lisey''s Story');
INSERT INTO AUTHOR (id, name) VALUES (48, 'Stephen King');
INSERT INTO BOOK_AUTHOR (book_id, author_id) VALUES (34, 48);
INSERT INTO BOOK (id, publication_date, title, sub_title) VALUES (35, '1999-07-23', 'Object Technology Series', 'Refactoring: Improving the Design of Existing Code');
INSERT INTO AUTHOR (id, name) VALUES (49, 'Kent Beck');
INSERT INTO BOOK_AUTHOR (book_id, author_id) VALUES (35, 49);
INSERT INTO AUTHOR (id, name) VALUES (50, 'John Brant');
INSERT INTO BOOK_AUTHOR (book_id, author_id) VALUES (35, 50);
INSERT INTO AUTHOR (id, name) VALUES (51, 'William Opdyke');
INSERT INTO BOOK_AUTHOR (book_id, author_id) VALUES (35, 51);
INSERT INTO AUTHOR (id, name) VALUES (52, 'Don Roberts');
INSERT INTO BOOK_AUTHOR (book_id, author_id) VALUES (35, 52);
INSERT INTO AUTHOR (id, name) VALUES (53, 'Martin Fowler');
INSERT INTO BOOK_AUTHOR (book_id, author_id) VALUES (35, 53);
INSERT INTO BOOK (id, publication_date, title, sub_title) VALUES (36, '2003-08-31', '', 'Die Schatten der Globalisierung.');
INSERT INTO AUTHOR (id, name) VALUES (54, 'Joseph E. Stiglitz');
INSERT INTO BOOK_AUTHOR (book_id, author_id) VALUES (36, 54);
INSERT INTO BOOK (id, publication_date, title, sub_title) VALUES (38, '2006-06-09', 'Pragmatic Programmers', 'Rails Recipes');
INSERT INTO AUTHOR (id, name) VALUES (56, 'Chad Fowler');
INSERT INTO BOOK_AUTHOR (book_id, author_id) VALUES (38, 56);
INSERT INTO BOOK (id, publication_date, title, sub_title) VALUES (39, '1995-01-01', '', 'Theoretische Informatik, kurzgefa\337t');
INSERT INTO AUTHOR (id, name) VALUES (57, 'Uwe Sch\366ning');
INSERT INTO BOOK_AUTHOR (book_id, author_id) VALUES (39, 57);
INSERT INTO BOOK (id, publication_date, title, sub_title) VALUES (40, '2001-09-30', '', 'Ploetz. Der farbige Ploetz.');
INSERT INTO AUTHOR (id, name) VALUES (58, 'Horst Fischer-Uhlig');
INSERT INTO BOOK_AUTHOR (book_id, author_id) VALUES (40, 58);
INSERT INTO BOOK (id, publication_date, title, sub_title) VALUES (41, '2006-10-05', '', 'Freakonomics');
INSERT INTO AUTHOR (id, name) VALUES (59, 'Stephen J. Dubner');
INSERT INTO BOOK_AUTHOR (book_id, author_id) VALUES (41, 59);
INSERT INTO AUTHOR (id, name) VALUES (60, 'Steven D. Levitt');
INSERT INTO BOOK_AUTHOR (book_id, author_id) VALUES (41, 60);
INSERT INTO BOOK (id, publication_date, title, sub_title) VALUES (42, '2006-02-28', '', 'Das Auge des Leoparden');
INSERT INTO AUTHOR (id, name) VALUES (61, 'Henning Mankell');
INSERT INTO BOOK_AUTHOR (book_id, author_id) VALUES (42, 61);
INSERT INTO BOOK (id, publication_date, title, sub_title) VALUES (43, '2007-01-16', '', 'Dreaming in Code: Two Dozen Programmers, Three Years, 4,732 Bugs, and One Quest for Transcendent Software');
INSERT INTO AUTHOR (id, name) VALUES (62, 'Scott Rosenberg');
INSERT INTO BOOK_AUTHOR (book_id, author_id) VALUES (43, 62);
INSERT INTO BOOK (id, publication_date, title, sub_title) VALUES (44, '2007-07-02', '', 'Managing Humans: Biting and Humorous Tales of a Software Engineering Manager');
INSERT INTO AUTHOR (id, name) VALUES (63, 'M Lopp');
INSERT INTO BOOK_AUTHOR (book_id, author_id) VALUES (44, 63);
INSERT INTO BOOK (id, publication_date, title, sub_title) VALUES (45, '2002-01-01', '', 'Veronika Deschliesst Zu Sterben / Vernika Decides to Die');
INSERT INTO AUTHOR (id, name) VALUES (64, 'Paulo Coelho');
INSERT INTO BOOK_AUTHOR (book_id, author_id) VALUES (45, 64);
INSERT INTO BOOK (id, publication_date, title, sub_title) VALUES (46, '2002-05-07', '', 'One for My Baby');
INSERT INTO AUTHOR (id, name) VALUES (65, 'Tony Parsons');
INSERT INTO BOOK_AUTHOR (book_id, author_id) VALUES (46, 65);
INSERT INTO BOOK (id, publication_date, title, sub_title) VALUES (47, '2008-03-03', '', 'Adrenaline Junkies and Template Zombies: Understanding Patterns of Project Behavior');
INSERT INTO AUTHOR (id, name) VALUES (66, 'Peter Hruschka');
INSERT INTO BOOK_AUTHOR (book_id, author_id) VALUES (47, 66);
INSERT INTO AUTHOR (id, name) VALUES (67, 'Tim Lister');
INSERT INTO BOOK_AUTHOR (book_id, author_id) VALUES (47, 67);
INSERT INTO AUTHOR (id, name) VALUES (68, 'Steve McMenamin');
INSERT INTO BOOK_AUTHOR (book_id, author_id) VALUES (47, 68);
INSERT INTO AUTHOR (id, name) VALUES (69, 'James Robertson');
INSERT INTO BOOK_AUTHOR (book_id, author_id) VALUES (47, 69);
INSERT INTO AUTHOR (id, name) VALUES (70, 'Suzanne Robertson');
INSERT INTO BOOK_AUTHOR (book_id, author_id) VALUES (47, 70);
INSERT INTO AUTHOR (id, name) VALUES (71, 'Tom DeMarco');
INSERT INTO BOOK_AUTHOR (book_id, author_id) VALUES (47, 71);
INSERT INTO BOOK (id, publication_date, title, sub_title) VALUES (48, '1995-01-24', 'Computing', 'UNIX System Administration Handbook');
INSERT INTO AUTHOR (id, name) VALUES (72, 'Garth Snyder');
INSERT INTO BOOK_AUTHOR (book_id, author_id) VALUES (48, 72);
INSERT INTO AUTHOR (id, name) VALUES (73, 'Scott Seebass');
INSERT INTO BOOK_AUTHOR (book_id, author_id) VALUES (48, 73);
INSERT INTO AUTHOR (id, name) VALUES (74, 'Trent H. Hein');
INSERT INTO BOOK_AUTHOR (book_id, author_id) VALUES (48, 74);
INSERT INTO AUTHOR (id, name) VALUES (75, 'Evi Nemeth');
INSERT INTO BOOK_AUTHOR (book_id, author_id) VALUES (48, 75);
INSERT INTO BOOK (id, publication_date, title, sub_title) VALUES (49, '2001-08-06', '', 'Down Under');
INSERT INTO AUTHOR (id, name) VALUES (76, 'Bill Bryson');
INSERT INTO BOOK_AUTHOR (book_id, author_id) VALUES (49, 76);
INSERT INTO BOOK (id, publication_date, title, sub_title) VALUES (50, '2007-07-05', '', 'Heat');
INSERT INTO AUTHOR (id, name) VALUES (77, 'Bill Buford');
INSERT INTO BOOK_AUTHOR (book_id, author_id) VALUES (50, 77);
INSERT INTO BOOK (id, publication_date, title, sub_title) VALUES (51, '1998-01-03', '201 verbs series', '201 Swedish Verbs Fully Conjugated in All the Tenses');
INSERT INTO AUTHOR (id, name) VALUES (78, 'Richard P. Auletta');
INSERT INTO BOOK_AUTHOR (book_id, author_id) VALUES (51, 78);
INSERT INTO BOOK (id, publication_date, title, sub_title) VALUES (52, '2005-09-19', 'Pragmatic Programmers', 'My Job Went to India: 52 Ways to Save Your Job');
INSERT INTO AUTHOR (id, name) VALUES (79, 'Chad Fowler');
INSERT INTO BOOK_AUTHOR (book_id, author_id) VALUES (52, 79);
INSERT INTO BOOK (id, publication_date, title, sub_title) VALUES (53, '2005-10-01', '', 'Ajax in Action');
INSERT INTO AUTHOR (id, name) VALUES (80, 'Eric Pascarello');
INSERT INTO BOOK_AUTHOR (book_id, author_id) VALUES (53, 80);
INSERT INTO AUTHOR (id, name) VALUES (81, 'Darren James');
INSERT INTO BOOK_AUTHOR (book_id, author_id) VALUES (53, 81);
INSERT INTO AUTHOR (id, name) VALUES (82, 'Dave Crane');
INSERT INTO BOOK_AUTHOR (book_id, author_id) VALUES (53, 82);
INSERT INTO BOOK (id, publication_date, title, sub_title) VALUES (54, '2008-08-01', '', 'Duma Key');
INSERT INTO AUTHOR (id, name) VALUES (83, 'Stephen King');
INSERT INTO BOOK_AUTHOR (book_id, author_id) VALUES (54, 83);
INSERT INTO BOOK (id, publication_date, title, sub_title) VALUES (55, '1992-06-01', 'Nutshell Handbooks', 'Unix in a Nutshell: System V, Release 4');
INSERT INTO AUTHOR (id, name) VALUES (84, 'Daniel Gilly');
INSERT INTO BOOK_AUTHOR (book_id, author_id) VALUES (55, 84);
INSERT INTO BOOK (id, publication_date, title, sub_title) VALUES (56, '2006-03-16', '', 'Ghosts of Spain: Travels Through a Country''s Hidden Past');
INSERT INTO AUTHOR (id, name) VALUES (85, 'Giles Tremlett');
INSERT INTO BOOK_AUTHOR (book_id, author_id) VALUES (56, 85);
INSERT INTO BOOK (id, publication_date, title, sub_title) VALUES (57, now(), '', 'In die Wildnis');
INSERT INTO AUTHOR (id, name) VALUES (86, 'Jon Krakauer');
INSERT INTO BOOK_AUTHOR (book_id, author_id) VALUES (57, 86);
INSERT INTO BOOK (id, publication_date, title, sub_title) VALUES (58, '2000-04-04', '', 'The Silicon Boys and Their Valley of Dreams');
INSERT INTO AUTHOR (id, name) VALUES (87, 'David A. Kaplan');
INSERT INTO BOOK_AUTHOR (book_id, author_id) VALUES (58, 87);
INSERT INTO BOOK (id, publication_date, title, sub_title) VALUES (59, '2006-04-06', '', 'Istanbul: Memories of a City');
INSERT INTO AUTHOR (id, name) VALUES (88, 'Orhan Pamuk');
INSERT INTO BOOK_AUTHOR (book_id, author_id) VALUES (59, 88);
INSERT INTO BOOK (id, publication_date, title, sub_title) VALUES (60, '2004-04-08', 'Advanced Tools and Techniques for Mysql Administrators', 'High Performance MySQL: Optimization, Backups, Replication, Load Balancing & More');
INSERT INTO AUTHOR (id, name) VALUES (89, 'Derek Balling');
INSERT INTO BOOK_AUTHOR (book_id, author_id) VALUES (60, 89);
INSERT INTO AUTHOR (id, name) VALUES (90, 'Jeremy Zawodny');
INSERT INTO BOOK_AUTHOR (book_id, author_id) VALUES (60, 90);
INSERT INTO BOOK (id, publication_date, title, sub_title) VALUES (61, '1996-01-01', '', 'LaTeX, 3 Bde., Bd.1, Einf\374hrung');
INSERT INTO AUTHOR (id, name) VALUES (91, 'Helmut Kopka');
INSERT INTO BOOK_AUTHOR (book_id, author_id) VALUES (61, 91);

INSERT INTO BOOK (id, publication_date, title, sub_title) VALUES (62, '2006-12-05', '', 'Java Persistence with Hibernate');
INSERT INTO AUTHOR (id, name) VALUES (92, 'Gavin King');
INSERT INTO BOOK_AUTHOR (book_id, author_id) VALUES (62, 92);
INSERT INTO AUTHOR (id, name) VALUES (93, 'Christian Bauer');
INSERT INTO BOOK_AUTHOR (book_id, author_id) VALUES (62, 93);
INSERT INTO BOOK_REVIEW (book_id, username, stars, comments) VALUES (62, 'Kerri', 4, 'A good book.');

INSERT INTO BOOK (id, publication_date, title, sub_title) VALUES (63, '2006-12-14', 'Pragmatic Programmers', 'Agile Web Development with Rails');
INSERT INTO AUTHOR (id, name) VALUES (94, 'David Hansson ');
INSERT INTO BOOK_AUTHOR (book_id, author_id) VALUES (63, 94);
INSERT INTO AUTHOR (id, name) VALUES (95, 'Leon Breedt');
INSERT INTO BOOK_AUTHOR (book_id, author_id) VALUES (63, 95);
INSERT INTO AUTHOR (id, name) VALUES (96, 'Mike Clark');
INSERT INTO BOOK_AUTHOR (book_id, author_id) VALUES (63, 96);
INSERT INTO AUTHOR (id, name) VALUES (97, 'James Davidson');
INSERT INTO BOOK_AUTHOR (book_id, author_id) VALUES (63, 97);
INSERT INTO AUTHOR (id, name) VALUES (98, 'Justin Gehtland');
INSERT INTO BOOK_AUTHOR (book_id, author_id) VALUES (63, 98);
INSERT INTO AUTHOR (id, name) VALUES (99, 'Andreas Schwarz');
INSERT INTO BOOK_AUTHOR (book_id, author_id) VALUES (63, 99);
INSERT INTO AUTHOR (id, name) VALUES (100, 'Dave Thomas');
INSERT INTO BOOK_AUTHOR (book_id, author_id) VALUES (63, 100);
INSERT INTO BOOK (id, publication_date, title, sub_title) VALUES (64, '2001-10-01', 'Programmer to Programmer', 'Professional JavaScript');
INSERT INTO AUTHOR (id, name) VALUES (101, 'Paul Wilton');
INSERT INTO BOOK_AUTHOR (book_id, author_id) VALUES (64, 101);
INSERT INTO AUTHOR (id, name) VALUES (102, 'Cliff Wootton');
INSERT INTO BOOK_AUTHOR (book_id, author_id) VALUES (64, 102);
INSERT INTO AUTHOR (id, name) VALUES (103, 'et al');
INSERT INTO BOOK_AUTHOR (book_id, author_id) VALUES (64, 103);
INSERT INTO AUTHOR (id, name) VALUES (104, 'Nigel McFarlane');
INSERT INTO BOOK_AUTHOR (book_id, author_id) VALUES (64, 104);
INSERT INTO BOOK (id, publication_date, title, sub_title) VALUES (65, '2008-05-01', '', 'A Thousand Splendid Suns');
INSERT INTO AUTHOR (id, name) VALUES (105, 'Khaled Hosseini');
INSERT INTO BOOK_AUTHOR (book_id, author_id) VALUES (65, 105);
INSERT INTO BOOK (id, publication_date, title, sub_title) VALUES (66, '2004-04-12', '', 'The Tibetan Art of Positive Thinking: Skilful Thoughts for Successful Living');
INSERT INTO AUTHOR (id, name) VALUES (106, 'Christopher Hansard');
INSERT INTO BOOK_AUTHOR (book_id, author_id) VALUES (66, 106);
INSERT INTO BOOK (id, publication_date, title, sub_title) VALUES (67, '2008-07-29', '', 'Fucking Berlin: Studentin und Teilzeit-Hure');
INSERT INTO AUTHOR (id, name) VALUES (107, 'Sonia Rossi');
INSERT INTO BOOK_AUTHOR (book_id, author_id) VALUES (67, 107);
INSERT INTO BOOK (id, publication_date, title, sub_title) VALUES (68, '1999-10-21', '', 'Liar''s Poker: Playing the Money Markets');
INSERT INTO AUTHOR (id, name) VALUES (108, 'Michael Lewis');
INSERT INTO BOOK_AUTHOR (book_id, author_id) VALUES (68, 108);
INSERT INTO BOOK (id, publication_date, title, sub_title) VALUES (69, '1998-09-24', '', 'Clear Your Clutter with Feng Shui: Space Clearing Can Change Your Life');
INSERT INTO AUTHOR (id, name) VALUES (109, 'Karen Kingston');
INSERT INTO BOOK_AUTHOR (book_id, author_id) VALUES (69, 109);
INSERT INTO BOOK (id, publication_date, title, sub_title) VALUES (70, '1995-02-13', 'SEI Series in Software Engineering S', 'A Discipline for Software Engineering');
INSERT INTO AUTHOR (id, name) VALUES (110, 'Watts S. Humphrey');
INSERT INTO BOOK_AUTHOR (book_id, author_id) VALUES (70, 110);
INSERT INTO BOOK (id, publication_date, title, sub_title) VALUES (71, '2004-01-31', '', 'Das grosse Buch der vegetarischen K\374che.');
INSERT INTO AUTHOR (id, name) VALUES (111, 'Mahmud Darwish');
INSERT INTO BOOK_AUTHOR (book_id, author_id) VALUES (71, 111);